<?xml version="1.0" encoding="UTF-8" standalone="yes"?>
<addon id="repository.mystuff" name="Dumpster Repository" version="1.0.0" provider-name="azndoodle">
    <extension point="xbmc.addon.repository" name="Dumpster Repository">
        <dir>
            <info compressed="false">https://raw.githubusercontent.com/azndoodle/kodi_repo/master/zips/addons.xml</info>
            <checksum>https://raw.githubusercontent.com/YOUR_USERNAME_HERE/azndoodle/master/zips/addons.xml.md5</checksum>
            <datadir zip="true">https://raw.githubusercontent.com/azndoodle/kodi_repo/master/zips/</datadir>
        </dir>
    </extension>
    <extension point="xbmc.addon.metadata">
        <summary>Dumpster Repository</summary>
        <description>To host any addons that is not available in other repo or manually built addons</description>
        <disclaimer></disclaimer>
        <platform>all</platform>
        <assets>
            <icon>icon.png</icon>
            <fanart>fanart.jpg</fanart>
        </assets>
    </extension>
</addon>
